0,00	2,99 
1880 bandeja de chocolates 250 gr	5,79 
1880 bandeja de mazapanes 265 gr	5,85 
1880 bandeja polvorones de navidad 270 gr	5,59 
ABREGO cocktail frutos secos bolsa 200 gr	1,55 
ABSOLUT vodka botella 70cl	11,95 
ACANTILADO aceitunas rellenas de anchoas lata 120 gr	0,55 
ACE 2 en 1 lejia y detergente perfume limon botella 2 lt	1,49 
ACE spray mousse lejia + desengrasante para hogar y ropa pistola 700 ml	2,79 
Acelga bolsa 300 gr	0,95 
Acelgas manojo 1 kg	1,29 
ADIDAS colonia get ready for her frasco 50 ml	9,95 
ADIDAS colonia get ready for him frasco 50 ml	9,95 
ADIDAS colonia ice dive frasco 100 ml	12,99 
ADIDAS colonia uefa champions league 2 frasco 100 ml	15,75 
ADIDAS colonia woman fruity frasco 50ml	7,48 
ADIDAS colonia woman natur vitality frasco 50ml	7,48 
ADIDAS colonia woman tropical frasco 50ml	7,48 
ADIDAS desodorante fresh spray 200ml	3,07 
ADIDAS desodorante masculino 6 en 1 spray 200 ml	2,69 
ADIDAS desodorante masculino cool&dry 6 en 1 roll on 50 ml	1,99 
ADIDAS eau de toilette ice dive bote 50ml	7,17 
ADIDAS eau de toilette pure game bote 50ml	7,17 
AFFLIGEM cerveza rubia botella 33 cl	1,49 
0,00	AFTER EIGHT caja 200 gr
2,75 	AGRUCARNES oreja cocida de cerdo adobada envase 500 g
2,50 	Aguacate malla 475 gr
2,49 	Aguacate unidad (225gr aprox)
1,01 	AGUINAGA mejillon cocido en su jugo bandeja 450 g
2,99 	AGUINAGA rodaja de pulpo cocido bandeja 150 g
5,39 	AIRWICK ambientador automatico fresh matic lirio de luna recambio 1 ud
4,46 	AIRWICK ambientador automatico fresh matic nenuco aparato + recambio 1 ud
5,63 	AIRWICK ambientador automatico fresh matic nenuco recambio 1 ud
4,46 	AIRWICK ambientador automatico fresh matic orange recambio 1 ud
4,46 	AIRWICK ambientador automatico fresh matic white bouquet recambio 1 ud
4,46 	AIRWICK ambientador electrico flores blancas recambio 1 ud
4,40 	AIRWICK amtientador electrico nenuco difusor + recambio 1 ud
4,09 	Ajetes tiernos bandeja 200 gr
1,19 	Ajo morado malla 250 gr
1,29 	Ajo morado malla 500 gr
2,39 	Ajo picado bolsa 60 gr
0,89 	Alas de pollo congeladas granel bolsa de 8 - 15 uds
3,25 	ALBA bocadito de pan ajo y perejil bolsa 120 grs
1,05 	ALBA bocadito de pan jamon y tomate bolsa 110 grs
1,05 	ALBA bocadito de pan tomate y oregano bolsa 120 grs
1,05 	ALBA bocadito mini de pan tomate y jamon bolsa 100 grs
1,00 	ALBO atun claro en aceite de oliva lata 82 grs
1,89 	ALBO atun claro en aceite de oliva pack de 3 latas x 48 grs
3,73 	0,00	ALBO atun claro en aceite de oliva virgen extra pack de 3 latas 48 grs
3,73 	ALBO bonito del norte en aceite de oliva lata 82 grs
2,85 	ALBO calamares en su tinta lata 72 grs
1,75 	ALBO sardinas en aceite de oliva lata 85 grs
1,95 	ALBO sardinas en escabeche lata 85 grs
1,85 	ALBO sardinas picantonas lata 85 grs
1,95 	ALBONDIGAS MIXTAS ROLER 300 GRS.
2,00 	Alcachofa unidad (100gr aprox)
0,18 	ALCOA alubia americana paquete 1 kg
1,72 	ALCORTA vino tinto crianza do rioja botella 75 cl
5,65 	ALHAMBRA cerveza sin alcohol botella 1 l
1,28 	ALHAMBRA RESERVA 1925 cerveza rubia nacional pack 4 botellas 33 cl
4,26 	ALINUT albondigas de carne mixta bolsa 400 gr
2,40 	Alitas de pollo partidas 520 gr
2,25 	Almendra tostada bandeja 200 gr
4,29 	ALMOND BREEZE leche de almendras brick 1 lt
1,77 	ALPRO bebida soja brik 1 lt
1,51 	ALTOS DE TAMARON vino tinto crianza DO Ribera de Duero botella 75 cl
5,33 	ALTOS DE TAMARON vino tinto DO Ribera de Duero botella 75 cl
3,20 	ALTOS DE TAMARON vino tinto reserva DO Ribera de Duero botella 75 cl
10,99 	Altramuces tarrina 350 gr
0,85 	ALVINI vermouth blanco aperitivo botella 1 lt
2,05 	ALVINI vermouth rojo aperitivo botella 1 lt
2,05 	AMALUR habas baby  FRASCO 425GR
1,49 	0,00	AMALUR patatas paris FRASCO 425 GR
1,12 	AMBAR cerveza rubia nacional lata 33 cl
0,65 	AMBAR EXPORT cerveza rubia nacional lata 33 cl
0,80 	AMBIENT AIR ambientador colgador coche colonia frescas blister 1 ud
1,49 	AMBIENT AIR ambientador colgador coche dama de noche blister 1 ud
1,49 	AMBIENT AIR ambientador colgador coche lavanda blister 1 ud
1,49 	AMBIENT AIR ambientador colgador coche oceano blister 1 ud
1,49 	AMBIPUR ambientador coche fresco 1 ud
2,99 	AMBIPUR ambientador de coche aqua aparato + recambio 1 ud
4,90 	AMBIPUR ambientador electrico elegance recambio 1 ud
3,19 	AMBIPUR ambientador eliminador de olores algodon spray 300 ml
3,58 	AMBIPUR ambientador eliminador de olores brisa marina spray 300 ml
3,58 	AMBIPUR ambientador eliminador de olores frescor spray 300 ml
3,58 	AMBIPUR ambientador electrico 3volution frescor de la manana recambio 3 ud
4,40 	AMBIPUR ambientador electrico 3volution tatami japones recambio 3 ud
4,40 	AMBIPUR ambientador electrico aparato + recambio aroma aire fresco 1 ud
5,30 	AMBIPUR ambientador electrico sky-aire fresco aparato + recambio 1 ud
4,60 	AMBIPUR ambientador electrico tatami japones recambio 1 ud
3,19 	AMBIPUR ambientador electrico trivolution aparato 1 ud
2,29 	AMSTEL cerveza rubia nacional botella 1 l
1,38 	AMSTEL cerveza rubia nacional lata 33 cl
0,33 	AMSTEL cerveza rubia nacional lata 37.5 cl
0,43 	AMSTEL cerveza rubia nacional lata 50 cl
0,79 	AMSTEL cerveza rubia nacional pack 12 latas 37.5 cl
4,96 	0,00	AMSTEL cerveza rubia nacional pack 18 latas 37,5 cl
6,92 	AMSTEL cerveza sin alcohol lata 33 cl
0,52 	AMSTEL cerveza sin alcohol pack 6 botellas 25 cl
2,14 	AMSTEL oro cerveza tostada lata 33 cl
0,68 	AMSTEL RADLER cerveza con zumo natural de limon lata 33 cl
0,59 	Anchodinas envase 50 gr
1,45 	ANETO caldo de jamon 50% gratis brick 1,5L
3,50 	ANETO caldo de navidad 1 lt
4,70 	ANETO caldo de pollo bajo en sal brik 1 l
3,50 	ANETO caldo de puchero 1 lt
3,50 	ANETO caldo natural de jamon brick 1 LT
3,15 	ANETO caldo natural de pollo brick 1,04LT
3,15 	ANGRY BIRDS refresco sin gas amarillo con zumo brik 33 cl
0,55 	ANGRY BIRDS refresco sin gas rojo con zumo brik 33 cl
0,55 	ANGULAS AGUINAGA salpicon de mariscos envase 250 gr
3,10 	ANGULO queso fresco de burgos tradicional envase 150 g
1,59 	Anillas a la romana bandeja 300 gr
4,00 	Anillas de poton bandeja 400 g
2,59 	ANNA DE CODORNIU cava brut botella 75 cl
7,99 	ANOUK colonia vaporizador 100 ml
8,99 	ANTANO vino tinto crianza DO Rioja botella 75 cl
4,00 	ANTANO vino tinto DO Rioja botella 75 cl
2,55 	Apio bandeja 500 gr
0,69 	APIS Delight fiambre de pavo bajo contenido en grasa pack 2 x 220 gr
3,60 	0,00	APIS Delight fiambre de pavo bajo en grasa lata 220 gr
1,82 	APIS magro de cerdo lata 200GR
1,82 	APIS pate higado cerdo lata 200GR
1,11 	APIS pate de chorizo iberico frasco 125GRS
1,17 	APIS pate de higado sabor intenso pack 3 x 80 gr
2,24 	APIS pate de jamon iberico frasco 125GRS
1,17 	APIS pate suave pack 3 latas 240 gr
1,90 	APIS tomate frito brick 3X400
1,69 	APIS tomate frito tarro 550 gr
0,99 	AQUA VELVA after shave locion 200 ml
4,19 	AQUABONA agua mineral natural botella 1.5 l
0,39 	AQUABONA agua mineral natural botella 2.5 l
0,75 	AQUABONA agua mineral natural botella 5 l
1,00 	AQUARADE bebida isotonica limon botella 1.5 lt
1,19 	AQUARADE bebida isotonica naranja botella 1.5 lt
1,19 	AQUAREL agua mineral natural botella 1.5 l
0,42 	AQUAREL agua mineral natural botella 33 cl con tapon sport
0,33 	AQUAREL agua mineral natural botella 5 l
1,05 	AQUARIUS bebida para deportistas limon pack 9 latas 33 cl
5,40 	AQUARIUS bebida para deportistas limon botella 1.5 lt
1,49 	AQUARIUS bebida para deportistas limon lata 33 cl
0,63 	AQUARIUS bebida para deportistas limon pack 2 botellas 1.5 lt
2,89 	AQUARIUS bebida para deportistas limon pack 4 botellas 1.5 lt
4,71 	AQUARIUS bebida para deportistas naranja botella 1.5 lt
1,49 	0,00	AQUARIUS bebida para deportistas naranja lata 33 cl
0,63 	AQUARIUS bebida para deportistas naranja pack 2 botellas 1.5 lt
2,89 	AQUARIUS bebida para deportistas naranja pack 4 botellas 1.5 lt
4,71 	AQUARIUS bebida para deportistas naranja pack 9 latas 33 cl
5,40 	AQUARIUS libre bebida para deportistas limon botella 1.5 lt
1,49 	AQUARIUS libre bebida para deportistas naranja botella 1.5 lt
1,49 	ARCO DEL SOL vino tinto crianza DO Ribera de Duero botella 75 cl
3,25 	ARCO DEL SOL vino tinto DO Ribera de Duero botella 75 cl
2,10 	ARENAS magdalenas concha bolsa 300 gr
1,00 	ARGAL fuet calidad extra envase 120 gr
1,00 	ARGETA junior pate de pollo al gusto pizza lata 95 gr
1,00 	ARGETA pate de atun lata 95 gr
1,25 	ARIEL Actilift alpes detergente maquina liquido botella 27 lv
7,99 	ARIEL Actilift detergente maquina en polvo maleta 29 + 2 cacitos
8,79 	ARIEL detergente maquina 3 en 1 capsulas 27 uds
9,79 	ARIEL detergente maquina liquido basico botella 35 + 2 lv
6,99 	ARIEL detergente maquina liquido concentrado con actilift botella 31 lv
8,99 	ARIEL detergente maquina liquido concentrado con actilift botella 42 lv
11,99 	ARIEL detergente maquina polvo actilift maleta 50 cacitos
13,95 	ARIEL detergente maquina polvo basico pack xxl 65 lv
9,99 	ARIEL Excel tabs detergente maquina en capsulas 32 uds
11,49 	ARIEL SENSACIONES detergente maquina liquido concentrado botella 27 lv
9,20 	ARLA queso havarti lonchas envase 175 g
2,29 	ARLA queso havarti semicurado lonchas envase 125 g
1,99 	0,00	ARLUY Megachoc galletas al cacao rellenas de crema de cacao paquete 500 gr
1,59 	ARLUY Megachock galletas rellenas de crema de cacao paquete 250 gr
0,99 	ARLUY Simpson mini galletas chocolateadas de desayuno bolsa 500 grs
2,95 	Arreglo para paella marisco bandeja 800 g
5,99 	Arreglo para puchero (peso aprox 1041 gr)
3,63 	ART PASSION bombones con almendra estuche 150 gr
2,85 	ART PASSION bombones con avellana estuche 150 gr
2,85 	ARTIACH Artinata galletas de braquillo rellenas de nata paquete  210 grs
1,39 	ARTIACH Dinosaurios galletas de cereales con vitaminas caja 411 grs
2,44 	ARTIACH galleta Marbu dorada caja 1 kg
2,85 	ARTIACH galletas dinosaurus con chocolate y leche caja 340 gr
2,50 	ARTIACH galletas mini CHIPS AHOY 160 gr
1,25 	ARTIACH Marbu 0% azucares caja 400 grs
2,00 	AS alimento  para gatos carne bolsa 4 kg
4,39 	AS alimento  para perros  de razas pequenas cordero arroz bolsa 2 kg
3,12 	AS alimento completo para gatos premium salmon y atun bolsa 2 kg
2,45 	AS alimento para gatos carne bolsa 1.5 kg
2,49 	AS alimento para gatos con cordero e higado tarro 100 gr
0,35 	AS alimento para gatos en salsa multipack bolsa 800 gr
2,39 	AS alimento para gatos esterilizados bolsa 1,5 kg
4,45 	AS alimento para gatos junior bolsa 1,5 kg
3,99 	AS alimento para gatos junior pollo/pavo tarro 100 gr
0,35 	AS alimento para gatos multicomponente carne bolsa 7 kg
7,72 	AS alimento para gatos multicomponente pescado bolsa 4 kg
4,39 	0,00	AS alimento para gatos pescado bolsa 1.5 kg
2,49 	AS alimento para perro menu mix completo y variado bolsa 10 kg
8,49 	AS alimento para perro menu mix completo y variado bolsa 4 kg
3,99 	AS alimento para perros bolsa 4 kg
5,25 	AS alimento para perros cachorro bolsa 7 kg
8,25 	AS alimento para perros carne bolsa 20 kg
10,95 	AS alimento para perros completo con buey bolsa 10 Kg
5,85 	AS alimento para perros con cordero y arroz bolsa 4 kg
6,65 	AS alimento para perros junior con carne tarrina 150 gr
0,45 	AS alimento para perros multicomponente bolsa 20 kg
14,49 	AS alimento para perros para cachorros bolsa 4 kg
5,34 	AS alimento para perros premium bolsa 4 kg
7,99 	AS alimento para perros senior bolsa 3 kg
3,75 	AS alimento para perros senior con carne tarrina 150 gr
0,45 	AS arena absorbente para gatos bolsa 5 kg
0,84 	AS arena para gatos compacta bolsa 4 kg
2,95 	AS arena perfumada para gatos bolsa 5 kg
1,29 	AS Mix gourmet alimento para gatos con carne tarro 4 x 85 gr
1,82 	AS Mix gourmet alimento para gatos con pescado tarro 4 x 85 gr
1,82 	AS pate light para perros con pollo tarrina 150 gr
0,45 	AS pate para perros con buey e higado tarrina 300 gr
0,69 	AS pate para perros rico en ave y con ternera tarro 300 gr
0,69 	AS pate para perros rico en caza tarrina 300 gr
0,69 	AS pate para perros rico en cordero tarrina 300 gr
0,69 	0,00	AS sanck para perros galletas huesitos perro bolsa 500 gr
1,39 	AS snack para gatos control bolas de pelo bolsa 60 gr
0,89 	AS snack para gatos de pollo bolsa 60 gr
0,89 	AS snack para perros galletas rellenas de carne envase 500 gr
1,29 	ASPIL cocktail de aperitivo bolsa 250 gr
1,39 	ASPIL mooskys bolsa 75GRS
0,97 	ASPIL palomitas sabor mantquilla phineas and ferb bolsa 90 gr
0,99 	ASPIL snack maiz puntazos bolsa 48G
0,43 	ASPIL super aspitos pack 40GRS
1,12 	ASTUR alubia blanca larga bolsa 1 KG
3,72 	ASTUR alubia morada bolsa 1KG
3,69 	ASTURIANA Alpro leche almendras brick 1 lt
1,93 	ASTURIANA leche con fibra botella 1 lt
1,28 	ASTURIANA leche desnatada 0% M.G. botella 1,2 lt
1,04 	ASTURIANA leche desnatada botella 1,5 lt
1,29 	ASTURIANA leche desnatada brik 1 lt
0,78 	ASTURIANA leche entera botella 1,5 lt
1,29 	ASTURIANA leche entera botella 2,2 lt
1,79 	ASTURIANA leche entera brik 1 lt
0,78 	ASTURIANA leche semidesnatada botella 1,5 lt
1,29 	ASTURIANA leche semidesnatada botella 2.2 lt
1,79 	ASTURIANA leche semidesnatada brik 1 lt
0,78 	ASTURIANA leche sin lactosa con calcio botella 1 lt
1,14 	ASTURIANA mantequilla ligera facil de untar tarrina 250 gr
2,09 	0,00	ASTURIANA nata azucarada spray 250 ml
1,98 	ASTURIANA nata para cocinar brik 500 ml
1,98 	ASTURIANA nata para montar brik 500 ml
1,98 	AUSONIA compresa noche con alas bolsa 8 ud
2,05 	AUSONIA compresa normal con alas bolsa 14 ud
2,05 	AUSONIA Discreet compresas de incontinencia extra paquete 10 uds
3,99 	AUSONIA Discreet compresas de incontinencia mini paquete 20 uds
3,99 	AUSONIA Discreet compresas de incontinencia normal paquete 12 uds
3,99 	AUSONIA Discreet pants braguitas de incontinencia plus talla M paquete 9 ud
12,49 	Avellana al peso
9,90 	AXE dark temptation spray corporal + gel de ducha estuche 1 ud
5,49 	AXE desodorante apollo spray 150 ml
3,60 	AXE desodorante black spray 150 ml
3,60 	AXE desodorante dark temptation duplo spray 300 ml
6,75 	AXE desodorante dark tentation spray 150 ml
3,60 	AXE desodorante marine spray 150 ml
3,60 	AXE desodorante peace spray 150 ml
3,60 	AZPILICUETA vino tinto crianza DO rioja botella 75 cl
7,50 	AZUCARERA azucar blanco en azucaritos bote 300 gr
1,47 	AZUCARERA azucar blanco envase 750 gr
0,82 	AZUCARERA azucar blanco paquete 1 kg
0,74 	AZUCARERA azucar glace especial para reposteria envase 300 gr
1,49 	AZUCARERA azucar moreno envase 750 gr
1,55 	AZUCENA cookies banaditos caja 300 gr
1,95 	0,00	AZUCENA surtido cookies paquete 250 gr
1,65 	BABYBEL queso edam Minibabybel 6 porciones bolsa 120 g
2,30 	BABYBEL queso edam Minibabybel light 6 porciones bolsa 120 g
2,30 	BABYSMILE braguita panal junior 13-20 kgs paquete 20 ud
6,22 	BABYSMILE cepillo dental infantil 3-6 anos blister 1 unidad
0,91 	BABYSMILE champu infantil botella 750ml
1,80 	BABYSMILE champu infantil camomila botella 750ml
1,80 	BABYSMILE colonia infantil botella 750 ml
1,69 	BABYSMILE esponja natural bebe bolsa 1 unidad
3,19 	BABYSMILE frutas con galleta tarrito 2x200 gr
1,62 	BABYSMILE frutas variadas tarrito 2 x200 gr
1,62 	BABYSMILE jabon liquido infantil clasico botella 750ml
1,80 	BABYSMILE jabon liquido infantil lavanda botella 750ml
1,80 	BABYSMILE leche crecimiento brik 1l
0,96 	BABYSMILE locion hidratante baby classic botella 500ml
1,82 	BABYSMILE locion hidratante baby lavanda botella 500ml
1,82 	BABYSMILE papilla 8 cereales con miel caja 1200 gr
4,49 	BABYSMILE papilla multicereal caja 1200 gr
4,49 	BABYSMILE pasta dentifrica infantil tubo 75 ml
0,99 	BABYSMILE panal de aprendizaje +16 kgs paquete 18 uds
6,22 	BABYSMILE panales 13-20 kgs talla 5 paquete 56 uds
9,59 	BABYSMILE panales 13-20 kgs talla 5 paquete 88 uds
14,96 	BABYSMILE panales 4- 9 kgs talla 3 paquete 72 uds
9,59 	BABYSMILE panales 4-9 kgs talla 3 paquete 112 uds
14,96 	0,00	BABYSMILE panales 8-15 kgs talla 4 paquete 100 uds
14,96 	BABYSMILE panales 8-15 kgs talla 4 paquete 64 uds
9,59 	BABYSMILE panales junior 17-28 kgs paquete 50 ud
12,80 	BABYSMILE panales recien nacido 3-6 kgs paquete 46 ud
6,58 	BABYSMILE pescadilla a la crema tarrito 2x200 gr
1,62 	BABYSMILE pollo con arroz tarrito 2 x200 gr
1,62 	BABYSMILE pollo con verduras tarrito 2x200 gr
1,62 	BABYSMILE postre lacteo queso y frutas tarrito 2 x 130 gr
1,40 	BABYSMILE suero fisiologico dosis indivuales 40 unidades
4,40 	BABYSMILE toallitas bebe emulsion leche paquete 2 envase 72 ud
2,45 	BABYSMILE toallitas bebe maxi-pack 6x80 ud
5,50 	BABYSMILE toallitas bebe travel pack 3 envase 24 ud
1,62 	BABYSMILE toallitas humedas bebe envase 80 ud
0,98 	BACARDI mojito coctel botella 70 cl
7,99 	BACARDI ron blanco superior botella 70 cl
10,99 	BACH cava brut natural extrisimo botella 75 cl
3,84 	BACH EXTRISIMO vino blanco semidulce DO Penedes botella  75 cl
3,84 	BACH homme aqua fresh bote 100ml
4,77 	BACH homme grey/black bote 100ml
4,77 	BACH perfume fenenimo essence bote 10ml
4,77 	BACH perfume fenenimo nadala bote 10ml
4,77 	Baguette 250 gr
0,39 	BAILEYS crema whisky chocolat luxe botella 50 cl
16,95 	BAILEYS crema whisky irlandesa botella 70 cl
10,95 	0,00	BAJOZ ROBLE TORO vino tinto botella 75 cl
3,69 	BAJOZ vino tinto DO Toro botella 75 cl
2,88 	BALLANTINE'S  whisky escoces botella 70 cl
11,85 	BALLANTINES  whisky escoces botella 1 lt
15,90 	BALLERINA bayate amarilla super absorbente y extra suave paquete 1 ud
1,69 	BALLERINA bayeta microfibra paquete 3 ud
3,45 	BALY cuartos alcachofa p3 LATA 345GR
2,41 	Banana unidad (170gr)
0,17 	BARCELO platinum ron botella 70 cl
11,02 	BARCELO ron anejo dominicano botella 70 cl
12,99 	BARILLA spaghetti no 5 caja 600 gr
1,45 	BARMONS limoncello 50 cl
4,85 	BARMONS london dry gin botella 70 cl
4,19 	BARMONS london dry gin premium botella 70 cl
8,35 	BARON DE LEY vino tinto do rioja botella 75 cl
8,50 	Barra de pan 250 gr
0,39 	Barra de pan rustica 275 g
0,59 	BAYMAR berberechos al natural pequenos lata 58 gr
2,09 	BAYMAR navajas 8/14 piezas lata 63 gr
1,99 	BEBE mermelada arandanos frasco 340 grs
1,99 	BEBE mermelada de cabello de angel frasco 355 gr
1,79 	BEEFEATER ginebra inglesa botella 70 cl
12,89 	BELLA FLOR queso gallego de leche de vaca pieza 600 gr
5,59 	BELLE COLOR tinte color tono Caoba No 5,5 caja 1 unidad
4,87 	0,00	BELLE COLOR tinte color tono Castano Claro No 5 caja 1 unidad
4,87 	BELLE COLOR tinte color tono Castano No 4 caja 1 unidad
4,87 	BELLE COLOR tinte color tono Castano Oscuro No 3 caja 1 unidad
4,87 	BELLE COLOR tinte color tono Negro Azulado No 2,1 caja 1 unidad
4,87 	BELLE COLOR tinte color tono Negro No 1 caja 1 unidad
4,87 	BELLE COLOR tinte color tono Rubio Claro Dorado No 8,3 caja 1 unidad
4,87 	BELLE COLOR tinte color tono Rubio Claro No 8 caja 1 unidad
4,87 	BELLE COLOR tinte color tono Rubio Extra Claro Ceniza No 111 caja 1 unidad
4,87 	BELLE COLOR tinte color tono Rubio No 7 caja 1 unidad
4,87 	BELLE COLOR tinte color tono Rubio Oscuro No 6 caja 1 unidad
4,87 	BERBERANA CARTA DE ORO vino tinto reserva DO Rioja botella 75 cl
6,99 	BERBERANA CARTA DE PLATA vino tinto botella 75 cl
3,39 	BERBERANA CLASICO vino tinto reserva DO Jumilla botella 75 cl
3,49 	BERBERANA DAVALOS vino tinto crianza  DO Rioja botella 75 cl
4,99 	BERBERANA SELECCION ORO vino tinto de la tierra de Castila botella 75 cl
3,69 	BERBERANA vino tinto t&t botella 75 cl
2,39 	Berenjena bandeja 500 gr
0,89 	BERONIA RUEDA VERDEJO vino blanco botella 75 cl
6,90 	BERONIA vino tinto crianza DO Rioja botella 75 cl
6,95 	BICENTURY galletas devoragras sabor limon con yogurt
2,15 	BICENTURY Nackis tortitas de arroz con yogur 130 gr
1,99 	BICENTURY Sarialis barritas de cereales y chocolate con leche caja 5 uds
1,98 	BICENTURY Sarialis barritas de cereales y chocolate negro caja 5 uds
1,98 	BICENTURY tortita con chocolate negro naranja y flor de azahar 132 gr
1,95 	0,00	BICENTURY tortita de arroz con chocolate paquete 130gr
1,99 	BICENTURY tortita de maiz paquete 130gr
1,49 	BIFRUTAS PASCUAL bebidas de frutas con leche fresa platano pack 6 briks 20
1,85 	BIFRUTAS PASCUAL bebidas de frutas con leche ibiza pack 3 briks 33 cl
1,72 	BIFRUTAS PASCUAL bebidas de frutas con leche light tropical pack 3 briks 33
1,72 	BIFRUTAS PASCUAL bebidas de frutas con leche mediterraneo brik 1 lt
1,62 	BIFRUTAS PASCUAL bebidas de frutas con leche mediterraneo pack 3 briks 33 c
1,72 	BIFRUTAS PASCUAL bebidas de frutas con leche mediterraneo pack 6 briks 20 c
1,85 	BIFRUTAS PASCUAL bebidas de frutas con leche tropical brik 1 lt
1,62 	BIFRUTAS PASCUAL bebidas de frutas con leche tropical pack 3 briks 33 cl
1,72 	BIFRUTAS PASCUAL bebidas de frutas con leche tropical pack 6 briks 20 cl
1,85 	BIFRUTAS PASCUAL bebidas de frutas con leche zero tropical